domain,category
000webhost.com,Tech Services
123rf.com,Design Tools
126.com,Social Media
163.com,Social Media
17173.com,Gaming
17app.co,Social Media
1win.com,Gaming
2fast4u.be,Forums
500px.com,Social Media
7k7k.com,Gaming
8fit.com,Health/Fitness
8tracks.com,Streaming
9lives.be,Forums
OwnedCore.com,Forums
abandonia.com,Gaming
abfrl.com,E-commerce
abusewith.us,Hacking
acne.org,Forums
activision.com,Gaming
actmobile.com,Tech Services
adapt.io,Tech Services
adecco.com,Job Search
adobe.com,Tech Services
adoptmetradingvalues.com,Gaming
adult-fanfiction.org,Forums
adultfriendfinder.com,Dating
advanceautoparts.com,E-commerce
aerserv.com,Tech Services
agusiq-torrents.pl,Torrents
ahashare.com,Torrents
aimware.net,Hacking
aipai.com,Streaming
aitype.com,Tech Services
ajarn.com,Job Search
akparti.org.tr,Government
altenens.is,Hacking
amartfurniture.com.au,E-commerce
ancestry.com,Tech Services
androidforums.com,Forums
androidlista.com,Tech Services
animaljam.com,Gaming
anime-planet.com,Social Media
animegame.me,Gaming
animeleague.net,Forums
animoto.com,Design Tools
apk.tw,Tech Services
apollo.io,Tech Services
appartoo.com,Social Media
appen.com,Tech Services
aptoide.com,Tech Services
archive.org,Other
armorgames.com,Gaming
armyforceonline.com,Gaming
artsy.net,E-commerce
artvalue.com,E-commerce
ashleymadison.com,Dating
astoriacompany.com,Tech Services
astropid.com,Forums
aternos.org,Gaming
atlasquantum.com,Finance
atmeltomo.com,Social Media
audiusa.com,E-commerce
autocentrum.pl,E-commerce
autotrader.com,E-commerce
avast.com,Tech Services
avito.ma,E-commerce
avvo.com,Tech Services
babynames.com,Social Media
badoo.com,Dating
bannerbit.com,Finance
banorte.com,Finance
battlefieldheroes.com,Gaming
battlefy.com,Gaming
beautifulpeople.com,Dating
bell.ca,Tech Services
benchmark.rs,Tech Services
bestialitysextaboo.com,Forums
bhinneka.com,E-commerce
bigbasket.com,E-commerce
bigmoneyjobs.com,Job Search
binweevils.com,Gaming
biohack.me,Forums
bitcointalk.org,Forums
bitly.com,Tech Services
bittorrent.com,Torrents
bitview.net,Streaming
blackberryfans.org,Forums
blackhatworld.com,Forums
blackspigot.com,Hacking
blankmediagames.com,Gaming
bleachanime.org,Forums
bloomstoday.com,E-commerce
bluesnap.com,Finance
boat-lifestyle.com,E-commerce
bolt.cd,Forums
bombuj.eu,Streaming
bonobos.com,E-commerce
bookchor.com,E-commerce
bookcrossing.com,Social Media
bookmate.com,E-commerce
botoflegends.com,Gaming
boulanger.com,E-commerce
bourse-des-vols.com,Travel
brandnewtube.com,Streaming
brazzers.com,Streaming
breached.vc,Hacking
breachforums.vc,Hacking
btc-alpha.com,Finance
btc-e.com,Finance
btobet.com,Gaming
budtrader.com,E-commerce
bukalapak.com,E-commerce
businessacumen.biz,Tech Services
bvdinfo.com,Tech Services
cafemom.com,Social Media
cafepress.com,E-commerce
cannabis.com,Forums
canva.com,Design Tools
capitaleconomics.com,Finance
cardmafia.cc,Hacking
cashcrate.com,Finance
catho.com.br,Job Search
cdek.ru,E-commerce
cdprojektred.com,Gaming
centraltickets.co.uk,Travel
cfire.mail.ru,Social Media
chatbooks.com,E-commerce
cheapassgamer.com,Forums
chegg.com,Education
chess.com,Gaming
chowbus.com,E-commerce
chrisleong.com,Health/Fitness
cit0day.in,Hacking
citybee.lt,Travel
cityjerks.com,Social Media
clearvoicesurveys.com,Tech Services
clickasnap.com,Social Media
clixsense.com,Finance
cloudpets.com,Tech Services
co188.com,Social Media
coachella.com,Travel
cocospy.com,Tech Services
coinmama.com,Finance
coinmarketcap.com,Finance
cointracker.io,Finance
colocrossing.com,Tech Services
colordatingapp.com,Dating
comcast.net,Tech Services
comelec.gov.ph,Government
condo.com,E-commerce
convex.ru,Tech Services
covve.com,Tech Services
cprewritten.net,Gaming
crackcommunity.com,Hacking
cracked.to,Hacking
crackingforum.com,Hacking
craftrise.com.tr,Gaming
creative.com,Tech Services
ctars.com.au,E-commerce
cutout.pro,Design Tools
cyberserve.co.il,Tech Services
d3scene.com,Forums
dafont.com,Design Tools
dailymotion.com,Streaming
dailyobjects.com,E-commerce
dailyquiz.me,Education
dangdang.com,E-commerce
daniweb.com,Forums
data4marketers.com,Tech Services
datacamp.com,Education
datanleads.com,Tech Services
datehotbrunettes.com,Dating
datpiff.com,Streaming
dave.com,Finance
dbforums.com,Forums
dchealthlink.com,Health/Fitness
ddo.com,Gaming
deezer.com,Streaming
demandscience.com,Tech Services
demonforums.net,Hacking
denniskirk.com,E-commerce
descomplica.com.br,Education
dev.dota2.com,Gaming
devil-torrents.pl,Torrents
devkitpro.org,Tech Services
diet.com,Health/Fitness
digidirect.com.au,E-commerce
digimon.co.in,Gaming
diskunion.net,E-commerce
disqus.com,Tech Services
divxsubtitles.net,Streaming
dlh.net,Gaming
dodonew.com,News/Media
dominos.co.in,E-commerce
doomworld.com,Forums
doordash.com,E-commerce
doxbin.com,Hacking
dragonnest.com,Gaming
drivesure.com,Tech Services
drizly.com,E-commerce
dropbox.com,Tech Services
dubsmash.com,Social Media
ducks.org,Other
duelingnetwork.com,Gaming
dunzo.com,E-commerce
duolingo.com,Education
duowan.com,Gaming
dvd-shop.ch,E-commerce
dymocks.com.au,E-commerce
earth2.io,Gaming
eatigo.com,E-commerce
eatstreet.com,E-commerce
ecb.co.uk,Government
eccie.net,Forums
edmodo.com,Education
elance.com,Job Search
elanic.in,E-commerce
emuparadise.me,Gaming
epal.gg,Gaming
epicbot.com,Gaming
epicgames.com,Gaming
epicnpc.com,Forums
epik.com,Tech Services
eroticy.com,Streaming
eservices.durban.gov.za,Government
eskimi.com,Social Media
estantevirtual.com.br,E-commerce
ethereum.org,Finance
europa.jobs,Job Search
evermotion.org,Design Tools
everybodyedits.com,Gaming
evite.com,Social Media
evony.com,Gaming
exactis.com,Tech Services
experian.com,Finance
exploretalent.com,Job Search
exvagos.org,Torrents
eye4fraud.com,Tech Services
eyeem.com,Social Media
f.elex.com,Gaming
facebook.com,Social Media
facepunch.com,Forums
faceup.dk,Social Media
factual.com,Tech Services
fairvote.ca,Government
famm.us,Other
fanpass.co.uk,Travel
fantasyfootballhub.co.uk,Gaming
fashionfantasygame.com,Gaming
fashionnexus.co.uk,E-commerce
ffr.fr,Gaming
ffshrine.org,Forums
fhostingesps6bly.onion,Hacking
filmai.in,Streaming
finsure.com.au,Finance
fitmart.de,E-commerce
flashback.se,Forums
flashflashrevolution.com,Gaming
flatearthdave.com,Forums
flexbooker.com,Tech Services
fling.com,Dating
flipaclip.com,Design Tools
flvs.net,Education
flytap.com,Travel
fntech.com,Tech Services
foodora.com,E-commerce
foodworkercard.wa.gov,Government
forbes.com,News/Media
forum.btcsec.com,Forums
forumcommunity.net,Forums
forums.boxee.com,Forums
fotolog.com,Social Media
foxybingo.com,Gaming
frameandoptic.com,E-commerce
free.fr,Tech Services
freshmenu.com,E-commerce
fridae.asia,Dating
funimation.com,Streaming
funny-games.biz,Gaming
furaffinity.net,Social Media
gaadi.com,E-commerce
gab.com,Social Media
game-tuts.com,Gaming
gamerzplanet.net,Forums
gamesalad.com,Gaming
gamesbox.com,Gaming
gamesprite.me,Gaming
gamevn.com,Gaming
gamigo.com,Gaming
gamingmonk.com,Gaming
gatehub.net,Finance
gawker.com,News/Media
ge.tt,Tech Services
geekedin.net,Job Search
gemini.com,Finance
gemplex.tv,Streaming
genesis.market,Hacking
geniusu.com,Education
germandonerkebab.com,E-commerce
getrevengeonyourex.com,Social Media
gfan.com,Gaming
ggcorp.me,Gaming
ggumim.co.kr,E-commerce
gianttiger.com,E-commerce
givesendgo.com,Finance
glamira.com,E-commerce
glofox.com,Health/Fitness
gogames.me,Gaming
goldsilver.com,E-commerce
goninja.de,Gaming
gonitro.com,Tech Services
gpotato.com,Gaming
gpsunderground.com,Tech Services
gravatar.com,Tech Services
gsmhosting.com,Forums
gtagaming.com,Gaming
gunauction.com,E-commerce
guns.com,E-commerce
guntrader.uk,E-commerce
habibs.com.br,E-commerce
hackforums.net,Hacking
hackingteam.com,Hacking
hakko.com,E-commerce
hathway.com,Tech Services
hautelook.com,E-commerce
havenly.com,E-commerce
hdbfs.com,Finance
healthnow.co,Health/Fitness
heatgames.me,Gaming
hemmakvall.se,E-commerce
hemmelig.com,Social Media
heritage.org,Other
heroesofgaia.com,Gaming
heroesofnewerth.com,Gaming
hiapk.com,Tech Services
hjedd.com,Forums
hltv.org,Gaming
homechef.com,E-commerce
hongfire.com,Forums
hookers.nl,Forums
horseisle.com,Gaming
hottopic.com,E-commerce
hounddawgs.org,Torrents
houzz.com,E-commerce
htcmania.com,Forums
hthstudios.com,Gaming
hub4tech.com,Tech Services
huntstand.com,Tech Services
hurb.com,Travel
husky-owners.com,Forums
i-dressup.com,Gaming
idcgames.com,Gaming
idtech.com,Education
iimjobs.com,Job Search
ilikecheats.net,Hacking
imavex.com,Tech Services
imenu360.com,Tech Services
imesh.com,Streaming
imgur.com,Social Media
ind.cl,E-commerce
indiamart.com,E-commerce
indianrails.in,Travel
indihome.co.id,Tech Services
insanelyi.com,Forums
instantcheckmate.com,Tech Services
intelimost.com,Tech Services
interpals.net,Social Media
intgovforum.org,Forums
ipmart-forum.com,Forums
ixigo.com,Travel
jamesdelivery.com.br,E-commerce
jamtangan.com,E-commerce
jd.com,E-commerce
jdgroup.co.za,E-commerce
jefit.com,Health/Fitness
jobandtalent.com,Job Search
jobstreet.com,Job Search
jobzone.co.il,Job Search
joomlart.com,Tech Services
joygames.me,Gaming
jukinmedia.com,Streaming
justdate.com,Dating
kaneva.com,Social Media
kasperskyclub.ru,Forums
kickstarter.com,Finance
kimsufi.com,Tech Services
kitchenpalapp.com,Tech Services
kiwifarms.net,Forums
km.ru,Social Media
knowncircle.com,Social Media
knuddels.de,Social Media
kodi.tv,Streaming
komplettfritid.no,E-commerce
kreditplus.com,Finance
ladies.com,Dating
landairsea.com,Tech Services
lanwar.com,Gaming
lapostemobile.fr,Tech Services
last.fm,Streaming
lbb.in,E-commerce
lbsg.net,Gaming
ldlc.com,E-commerce
leagueoflegends.com,Gaming
leakedreality.com,Streaming
lecoqsportif.com.co,E-commerce
ledger.com,Finance
leet.cc,Hacking
legendas.tv,Streaming
leslipfrancais.fr,E-commerce
lexipol.com,Tech Services
life360.com,Tech Services
lifebear.com,Tech Services
lightshope.org,Gaming
liker.com,Social Media
limevpn.com,Tech Services
linkedin.com,Job Search
linuxforums.org,Forums
linuxmint.com,Tech Services
littlemonsters.com,Social Media
liveauctioneers.com,E-commerce
livejournal.com,Social Media
livpure.com,E-commerce
lizardstresser.su,Hacking
locally.com,E-commerce
lolzteam.net,Hacking
lookbook.nu,Social Media
lookiero.com,E-commerce
lotro.com,Gaming
loungeboard.net,Forums
luluhypermarket.com,E-commerce
luminpdf.com,Tech Services
luxottica.com,E-commerce
lyricsmania.com,Streaming
mac-forums.com,Forums
mac-torrents.com,Torrents
macg.co,News/Media
magicduel.com,Gaming
mail.ru,Social Media
majorgeeks.com,Tech Services
malindoair.com,Travel
mall.cz,E-commerce
malwarebytes.org,Tech Services
mangadex.org,Streaming
mangafox.me,Streaming
mangatoon.mobi,Streaming
mangatraders.com,Streaming
mappery.com,Tech Services
marketmoveis.pt,E-commerce
mashable.com,News/Media
mate1.com,Dating
mathway.com,Education
mcbans.com,Gaming
mdpi.com,Education
mechodownload.com,Torrents
mediaworks.co.nz,News/Media
meetmindful.com,Dating
memechat.app,Social Media
meoair.com,Travel
mgmresorts.com,Travel
mindjolt.com,Gaming
minecraftpeforum.net,Forums
minecraftworldmap.com,Gaming
minefield.fr,Gaming
minehut.com,Gaming
minted.com,E-commerce
mmgfusion.com,Tech Services
mobifriends.com,Dating
modaco.com,Forums
modbsolutions.com,Tech Services
moneybookers.com,Finance
moneycontrol.com,Finance
morele.net,E-commerce
mortalonline.com,Gaming
movieboxpro.app,Streaming
movieforums.com,Forums
mpgh.net,Hacking
mrexcel.com,Forums
mrgreengaming.com,Gaming
msi.com,Tech Services
mspy.com,Tech Services
muah.ai,Tech Services
multiplayer.it,Gaming
muslimdirectory.co.uk,Other
muslimmatch.com,Dating
myfha.net,Finance
myfitnesspal.com,Health/Fitness
myheritage.com,Tech Services
mypertamina.id,Finance
myrepospace.com,Tech Services
myspace.com,Social Media
myvidster.com,Streaming
nap.bg,E-commerce
napsgear.org,E-commerce
naughtyamerica.com,Streaming
neimanmarcus.com,E-commerce
nemoweb.net,Tech Services
neopets.com,Gaming
neteller.com,Finance
netgalley.com,E-commerce
netlog.com,Social Media
netprospex.com,Tech Services
netshoes.com.br,E-commerce
nextgenupdate.com,Forums
nexusmods.com,Gaming
nihonomaru.net,Forums
nival.com,Gaming
nonnudegirls.org,Forums
nulled.ch,Hacking
nulled.cr,Hacking
nurserycam.co.uk,Tech Services
nvidia.com,Tech Services
ogusers.com,Hacking
omgpop.com,Gaming
onlinetrade.ru,E-commerce
onrpg.com,Gaming
onverse.com,Gaming
opencsgo.com,Gaming
opensubtitles.org,Streaming
orange.ro,Tech Services
ordersnapp.com,Tech Services
ordineavvocatiroma.it,Government
otelier.com,Travel
ovh.com,Tech Services
oxfam.org.au,Other
paddypower.com,Gaming
pampling.com,E-commerce
pandabuy.com,E-commerce
paragoncheats.com,Hacking
parapa.mail.ru,Gaming
parkmobile.io,Tech Services
patreon.com,Finance
payasugym.com,Health/Fitness
payhere.lk,Finance
paysystem.tech,Finance
paytm.com,Finance
pctattletale.com,Tech Services
peatix.com,Travel
pemiblanc.com,E-commerce
peoplesenergy.co.uk,Tech Services
petflow.com,E-commerce
phoenixim.ddns.net,Hacking
phonehouse.es,E-commerce
phpfreaks.com,Forums
pipingrock.com,E-commerce
pixelfederation.com,Gaming
pixlr.com,Design Tools
pizap.com,Design Tools
pizza.dominos.be,E-commerce
planet-ice.co.uk,Travel
planetcalypsoforum.com,Forums
play-gar.com,Gaming
playbook.vc,Finance
playcybergames.com,Gaming
plex.tv,Streaming
pluto.tv,Streaming
poincampus.com,Education
pokebip.com,Gaming
pokemoncreed.net,Gaming
pokemonnegro.com,Gaming
policeone.com,Forums
poshmark.com,E-commerce
powerbot.org,Gaming
ppcgeeks.com,Forums
preen.me,Health/Fitness
proctoru.com,Education
programmingforums.org,Forums
promo.com,Design Tools
promofarma.com,E-commerce
proptiger.com,E-commerce
protemps.com.sg,Job Search
ps3hax.net,Hacking
pspiso.com,Torrents
psx-scene.com,Forums
qip.ru,Social Media
qnb.com,Finance
qraved.com,E-commerce
quantumbooter.net,Hacking
questionpro.com,Tech Services
quidd.co,Social Media
quinstreet.com,Tech Services
r2games.com,Gaming
raidforums.com,Hacking
railyatri.in,Travel
rambler.ru,Social Media
rankwatch.com,Tech Services
raychat.ir,Social Media
rbx.rocks,Gaming
rdcglobal.com,Tech Services
readnovel.com,E-commerce
realdudesinc.com,E-commerce
realestatemogul.com,E-commerce
reddoorz.com,Travel
redmart.lazada.sg,E-commerce
reincubate.com,Tech Services
rentomojo.com,E-commerce
retinax.com,Tech Services
reverbnation.com,Social Media
rezeptwelt.de,Other
rightdev.co.uk,Tech Services
rivercitymediaonline.com,Tech Services
robinhood.com,Finance
roblox.com,Gaming
roll20.net,Gaming
romwe.com,E-commerce
rosebuttboard.com,Forums
royalenfield.com,E-commerce
russianamerica.com,Social Media
samsung.de,E-commerce
sayweee.com,E-commerce
scentbird.com,E-commerce
schenkyou.de,E-commerce
scholastic.com,Education
sd42.ca,Education
seedpeer.eu,Torrents
seniordating.app,Dating
sephora.com.au,E-commerce
serverpact.com,Gaming
sevenrooms.com,Tech Services
shadi.com,Dating
shadow.tech,Gaming
sharethis.com,Tech Services
shein.com,E-commerce
shitexpress.com,E-commerce
shockgore.com,Streaming
shoezone.com,E-commerce
shopback.com,E-commerce
shopperplus.ca,E-commerce
short-edition.com,E-commerce
shotbow.net,Gaming
siae.it,Government
sirhurt.net,Hacking
sitepoint.com,Forums
sktorrent.eu,Torrents
slickwraps.com,E-commerce
slideteam.net,Design Tools
smogon.com,Gaming
snail.com,Gaming
snapchat.com,Social Media
soargames.com,Gaming
socialengineered.net,Hacking
solomid.net,Gaming
sonicbids.com,Social Media
sony.com,Tech Services
soundwave.com,Streaming
specials.mastercard.de,Finance
speedio.com.br,Tech Services
sphero.com,Tech Services
spirol.com,E-commerce
sport2000.fr,E-commerce
spoutible.com,Social Media
sprashivai.ru,Social Media
spyfone.com,Tech Services
spyic.com,Tech Services
spytech-web.com,Tech Services
spyx.com,Tech Services
spyzie.io,Tech Services
stalker.so,Gaming
staminus.net,Tech Services
starnet.md,Tech Services
start.film,Streaming
startribune.com,News/Media
sterkinekor.co.za,Travel
stockx.com,E-commerce
storenvy.com,E-commerce
storybird.com,Education
straffic.io,Tech Services
stratfor.com,News/Media
streamcraft.net,Streaming
streeteasy.com,E-commerce
stripchat.com,Streaming
strongholdkingdoms.com,Gaming
subagames.com,Gaming
sumotorrent.sx,Torrents
sundryfiles.com,Tech Services
superdraft.io,Gaming
surveylama.com,Tech Services
svenskamagic.com,Gaming
sweclockers.com,Forums
switchit.hu,E-commerce
swordfantasy.com,Gaming
swvl.com,Travel
t2tea.com,E-commerce
tailieu.vn,Education
tamodo.com,E-commerce
tangerinetelecom.com.au,Tech Services
taobao.com,E-commerce
tappware.com,Tech Services
taringa.net,Social Media
technicpack.net,Gaming
teespring.com,E-commerce
tehetsegkapu.hu,Education
teracod.org,Hacking
terravision.eu,Travel
tesco.com,E-commerce
texasgop.org,Government
tgbus.com,Gaming
thecandidboard.com,Forums
thecpexperience.com,Other
thefappening.so,Streaming
theflyonthewall.com,News/Media
thegradcafe.com,Forums
thehalloweenspot.com,E-commerce
thepostmillennial.com,News/Media
therealworld.net,Social Media
thetvdb.com,Streaming
thewarinc.com,Gaming
thingiverse.com,Social Media
thishabboforum.com,Forums
tianya.cn,Social Media
tibber.com,Tech Services
ticketcounter.nl,Travel
ticketek.com.au,Travel
ticketfly.com,Travel
tigo.chat,Social Media
tnaflix.com,Streaming
tokopedia.com,E-commerce
toondoo.com,Design Tools
torrent-invites.com,Torrents
toumei.co.jp,Tech Services
tout.com,Social Media
traceup.com,Tech Services
tracki.com,Tech Services
traderie.com,Gaming
trai.gov.in,Government
travelio.com,Travel
travelok.com,Travel
trello.com,Tech Services
trillian.im,Social Media
troyhunt.com,Tech Services
truckersmp.com,Gaming
truefire.com,Education
truthfinder.com,Tech Services
tube.inflatevids.xyz,Streaming
tumblr.com,Social Media
tunedglobal.com,Streaming
tunngle.net,Gaming
twitter.com,Social Media
ualabee.com,Travel
ubook.com,Education
uiggy.com,Social Media
ulmon.com,Travel
underworldempireforums.com,Forums
unicocampania.it,Travel
universarium.org,Education
universityofcalifornia.edu,Education
unrealengine.com,Gaming
upstox.com,Finance
utahgunexchange.com,E-commerce
utorrent.com,Torrents
uuu9.com,Gaming
v3rmillion.net,Hacking
vakinha.com.br,Finance
vastaamo.fi,Health/Fitness
vbulletin.com,Tech Services
vedantu.com,Education
verifications.io,Tech Services
verified.cm,Social Media
vianet.com.np,Tech Services
victoryphones.com,Tech Services
viewfines.co.za,Government
vimeworld.com,Gaming
vivaair.com,Travel
vk.com,Social Media
vodafone.is,Tech Services
void.to,Forums
vtechda.com,Tech Services
vtightgel.com,E-commerce
wakanim.tv,Streaming
wanelo.com,E-commerce
warframe.com,Gaming
warmane.com,Gaming
wattpad.com,Social Media
wedmegood.com,E-commerce
weheartit.com,Social Media
weleakinfo.com,Hacking
welhof.com,E-commerce
wendys.com.ph,E-commerce
whitepages.com,Tech Services
whmcs.com,Tech Services
wifelovers.com,Social Media
wiiuiso.com,Torrents
wildstar-online.com,Gaming
win7vista.com,Forums
wiredbucks.com,Finance
wishbone.io,Social Media
wizishop.fr,E-commerce
wongnai.com,E-commerce
wotlabs.net,Gaming
wpsandbox.io,Tech Services
wptapl.com,Tech Services
xat.com,Social Media
xbox360iso.com,Torrents
xboxscene.com,Forums
xhamster.com,Streaming
xiaomi.cn,Tech Services
xkcd.com,Other
xpgamesaves.com,Gaming
xsplit.com,Streaming
yahoo.com,Social Media
yam.com,Social Media
yatra.com,Travel
yonema.com,Tech Services
yotepresto.com,Finance
youku.com,Streaming
youngliving.com,E-commerce
younow.com,Streaming
youporn.com,Streaming
youthmanual.com,Education
z-lib.is,Other
zacks.com,Finance
zadig-et-voltaire.com,E-commerce
zap-hosting.com,Tech Services
zhenai.com,Dating
zing.vn,Social Media
zomato.com,E-commerce
zoomcar.com,Travel
zoosk.com,Dating
zooville.org,Forums
zurich.co.jp,Finance
zynga.com,Gaming